{
  "weights": [
    0.09340809168782305,
    -0.03936816822963146,
    -0.38547828496562486,
    0.874037652506465
  ],
  "experiment_info": {
    "experiment_name": "uniform_10pob_10gen",
    "crossover_method": "uniform",
    "best_fitness": 191.66666666666666,
    "total_time": 4.396147966384888,
    "pop_size": 10,
    "generations": 10,
    "mutation_rate": 0.1,
    "avg_generation_time": 0.43957397937774656,
    "avg_evaluation_time": 0.4389683723449707
  },
  "saved_at": "2025-09-24T13:50:59.467219",
  "fitness": 191.66666666666666
}