{
  "weights": [
    -0.20286682112667376,
    0.6867798114378445,
    0.15558597784041606,
    0.9030207726015558
  ],
  "experiment_info": {
    "experiment_name": "single_point_10pob_10gen",
    "crossover_method": "single_point",
    "best_fitness": 500.0,
    "total_time": 4.532790899276733,
    "pop_size": 10,
    "generations": 10,
    "mutation_rate": 0.1,
    "avg_generation_time": 0.45323953628540037,
    "avg_evaluation_time": 0.4526963472366333
  },
  "saved_at": "2025-09-24T13:51:04.000545",
  "fitness": 500.0
}