{
  "weights": [
    -0.08173119917990149,
    0.24666583690442848,
    0.03238168430589461,
    0.7743325222090908
  ],
  "experiment_info": {
    "experiment_name": "two_point_20pob_30gen",
    "crossover_method": "two_point",
    "best_fitness": 500.0,
    "total_time": 13.797083139419556,
    "pop_size": 20,
    "generations": 30,
    "mutation_rate": 0.1,
    "avg_generation_time": 0.4598632494608561,
    "avg_evaluation_time": 0.4592145284016927
  },
  "saved_at": "2025-09-24T14:01:29.753221",
  "fitness": 500.0
}