{
  "weights": [
    0.04744536417769196,
    0.12167037509439194,
    0.6875540954391635,
    0.8449995253682225
  ],
  "experiment_info": {
    "experiment_name": "two_point_10pob_30gen",
    "crossover_method": "two_point",
    "best_fitness": 500.0,
    "total_time": 13.614247798919678,
    "pop_size": 10,
    "generations": 30,
    "mutation_rate": 0.1,
    "avg_generation_time": 0.45376977920532224,
    "avg_evaluation_time": 0.45319128036499023
  },
  "saved_at": "2025-09-24T13:51:52.658734",
  "fitness": 500.0
}