{
  "weights": [
    -0.018448843872863052,
    0.07362103990253006,
    0.49206397635904336,
    0.16993749621916762
  ],
  "experiment_info": {
    "experiment_name": "uniform_10pob_30gen",
    "crossover_method": "uniform",
    "best_fitness": 500.0,
    "total_time": 13.756378889083862,
    "pop_size": 10,
    "generations": 30,
    "mutation_rate": 0.1,
    "avg_generation_time": 0.4585063616434733,
    "avg_evaluation_time": 0.4579434633255005
  },
  "saved_at": "2025-09-24T13:51:25.537747",
  "fitness": 500.0
}