{
  "weights": [
    0.14661342589962922,
    0.11020089925837318,
    0.959185923306553,
    0.3173834890567431
  ],
  "experiment_info": {
    "experiment_name": "single_point_20pob_30gen",
    "crossover_method": "single_point",
    "best_fitness": 500.0,
    "total_time": 14.227902889251709,
    "pop_size": 20,
    "generations": 30,
    "mutation_rate": 0.1,
    "avg_generation_time": 0.47422593434651694,
    "avg_evaluation_time": 0.4736180782318115
  },
  "saved_at": "2025-09-24T14:01:15.955570",
  "fitness": 500.0
}