{
  "weights": [
    0.13080266955658448,
    0.43958016031536284,
    0.9030603405663915,
    0.6959778864083901
  ],
  "experiment_info": {
    "experiment_name": "uniform_30pob_30gen",
    "crossover_method": "uniform",
    "best_fitness": 500.0,
    "total_time": 14.992494821548462,
    "pop_size": 30,
    "generations": 30,
    "mutation_rate": 0.1,
    "avg_generation_time": 0.4996992905934652,
    "avg_evaluation_time": 0.4989804267883301
  },
  "saved_at": "2025-09-24T14:03:23.339195",
  "fitness": 500.0
}