{
  "weights": [
    -0.1984042379922244,
    0.8979912308273741,
    0.33706469607612144,
    0.6673484232433184
  ],
  "experiment_info": {
    "experiment_name": "single_point_20pob_50gen",
    "crossover_method": "single_point",
    "best_fitness": 500.0,
    "total_time": 24.129215240478516,
    "pop_size": 20,
    "generations": 50,
    "mutation_rate": 0.1,
    "avg_generation_time": 0.4825446128845215,
    "avg_evaluation_time": 0.48193652629852296
  },
  "saved_at": "2025-09-24T14:02:21.528709",
  "fitness": 500.0
}