{
  "weights": [
    -0.05358864535989438,
    0.5618486957475584,
    0.7282968311599003,
    0.642628331938637
  ],
  "experiment_info": {
    "experiment_name": "uniform_30pob_50gen",
    "crossover_method": "uniform",
    "best_fitness": 500.0,
    "total_time": 24.07265615463257,
    "pop_size": 30,
    "generations": 50,
    "mutation_rate": 0.1,
    "avg_generation_time": 0.4814089155197144,
    "avg_evaluation_time": 0.48069828510284424
  },
  "saved_at": "2025-09-24T14:04:19.722871",
  "fitness": 500.0
}