{
  "weights": [
    -0.469322524219409,
    0.9805487872470211,
    0.48752682432792227,
    0.8971184501825444
  ],
  "experiment_info": {
    "experiment_name": "uniform_10pob_50gen",
    "crossover_method": "uniform",
    "best_fitness": 500.0,
    "total_time": 22.76846694946289,
    "pop_size": 10,
    "generations": 50,
    "mutation_rate": 0.1,
    "avg_generation_time": 0.45532827377319335,
    "avg_evaluation_time": 0.45473575115203857
  },
  "saved_at": "2025-09-24T13:52:20.492634",
  "fitness": 500.0
}